t,ue_x,ue_y,ue_vx,ue_vy,ue_speed,true_angle_deg,selected_beam_idx,selected_beam_deg,oracle_beam_idx,oracle_beam_deg,tracking_error_deg,distance,blocked,outage,snr_db,beam_gain_db,path_loss_db,blockage_loss_db,reward
0,128.0,380.0,4.0,0.0,4.0,-47.81555668421123,12,-48.0,12,-48.0,0.18444331578876927,518.2277491605404,False,False,14.276463068951786,-0.0040823204086986795,15.719454610639515,0.0,0.3710585227580714
1,131.98947730413175,380.0700434695511,3.9894773041317473,0.070043469551055,3.990092135253153,-47.51192257781105,12,-48.0,12,-48.0,0.488077422188951,515.3258702224081,False,False,14.30561085457044,-0.02858634840607338,15.665802797023487,0.0,0.3722244341828176
2,136.00159396922723,379.8401455977835,4.012116665095473,-0.2298978717675794,4.018697944083391,-47.22775698051504,13,-47.0,13,-47.0,0.22775698051503923,512.2182818166187,False,False,14.38576356068122,-0.006224789060799356,15.608011650257982,0.0,0.3554305424272488
3,139.8752718834303,379.2328930433428,3.8736779142030664,-0.6072525544406843,3.920986642142428,-46.98180743166742,13,-47.0,13,-47.0,0.018192568332580095,508.96708664419594,False,False,14.45278691138458,-3.971634510427153e-05,15.547173372270315,0.0,0.37811147645538323
4,143.34888272018742,377.42390272006475,3.4736108367571314,-1.8089903232780524,3.9164292710261233,-46.86304276954013,13,-47.0,13,-47.0,0.13695723045987052,505.1943376978951,False,False,14.52166269219461,-0.0022508739570285697,15.476086433848362,0.0,0.3808665076877844
5,146.66562923903868,375.36232311026447,3.3167465188512737,-2.061579609800263,3.905242368644518,-46.77579842211486,13,-47.0,13,-47.0,0.2242015778851396,501.3650241001911,False,False,14.59057929666502,-0.006031961703142359,15.403388741631838,0.0,0.3836231718666008
6,150.04283596693216,373.178179730417,3.3772067278934776,-2.1841433798474506,4.021940773639066,-46.69270641956314,13,-47.0,13,-47.0,0.3072935804368626,497.40882472974073,False,False,14.660971786758434,-0.011331521349324787,15.32769669189224,0.0,0.3864388714703375
7,153.6713914761983,371.4346631473628,3.6285555092661355,-1.7435165830542148,4.025700579925272,-46.5510688381832,13,-47.0,13,-47.0,0.4489311618168017,493.57398861018555,False,False,14.722065483421076,-0.024184702566022006,15.253749814012902,0.0,0.3888826193368431
8,157.19222284432226,369.4567604717575,3.5208313681239694,-1.9779026756053308,4.038360127196735,-46.43576894961336,14,-46.0,14,-46.0,0.43576894961336166,489.6586810404225,False,False,14.799556565636381,-0.022787349293655907,15.177656085069962,0.0,0.3719822626254552
9,160.69817698502175,367.38335854286424,3.5059541406994947,-2.073401928893229,4.07316952696866,-46.32797027116044,14,-46.0,14,-46.0,0.32797027116043864,485.6901975963058,False,False,14.887186814298218,-0.012907739851806195,15.099905445849975,0.0,0.3954874725719286
10,163.9837303842351,365.0110860273782,3.285553399213351,-2.372272515486021,4.052473075396403,-46.262202761305105,14,-46.0,14,-46.0,0.26220276130510456,481.67593601342253,False,False,14.971141065571436,-0.008250034564322597,15.020608899864241,0.0,0.3988456426228575
11,166.87728189986257,362.0248608036394,2.8935515156274834,-2.9862252237387916,4.158146397192372,-46.28105228864905,14,-46.0,14,-46.0,0.2810522886490503,477.5207841521545,False,False,15.052691014158,-0.00947884667458429,14.937830139167415,0.0,0.40210764056632
12,169.84498018701274,359.1801985893746,2.967698287150173,-2.8446622142648255,4.110880226523284,-46.2816462094905,14,-46.0,14,-46.0,0.28164620949050345,473.40990688008236,False,False,15.135259525219936,-0.009518950478444227,14.85522152430162,0.0,0.40541038100879745
13,173.49880014584926,357.12353853528566,3.6538199588365328,-2.056660054088928,4.192880974899869,-46.154839008433925,14,-46.0,14,-46.0,0.15483900843392462,469.34888687670826,False,False,15.22421555702436,-0.0028770142239361177,14.772907428751704,0.0,0.4089686222809743
14,177.16902727664157,355.05463640904355,3.670227130792323,-2.0689021262421177,4.213184448795614,-46.02550094924206,14,-46.0,14,-46.0,0.02550094924205837,465.26989844632084,False,False,15.310412934299794,-7.803580946952448e-05,14.689509029890736,0.0,0.4124165173719916
15,180.9749301646236,353.2007584964245,3.8059028879820156,-1.8538779126190683,4.233409985773488,-45.862966455629476,14,-46.0,14,-46.0,0.1370335443705244,461.24562232957203,False,False,15.391236956131703,-0.0022533830739298174,14.606509660794368,0.0,0.4156494782452682
16,184.55399452972205,351.1789149305257,3.5790643650984326,-2.0218435658987817,4.1106633448245,-45.73248582965786,14,-46.0,14,-46.0,0.26751417034213887,457.2702332698566,False,False,15.467607853540681,-0.008587659760061147,14.523804486699259,0.0,0.41870431414162734
17,188.19000265437984,349.33978799673923,3.6360081246577782,-1.8391269337864602,4.074670902190281,-45.57818486874655,14,-46.0,14,-46.0,0.42181513125345305,453.38444550600315,False,False,15.536383076816744,-0.02135136059452414,14.442265562588732,0.0,0.42145532307266986
18,191.81034422774786,347.89440053718283,3.620341573368025,-1.445387459556378,3.89820702581324,-45.38689266611746,15,-45.0,15,-45.0,0.3868926661174612,449.7896040976263,False,False,15.615830591908821,-0.017962312211457276,14.366207095879721,0.0,0.4046332236763528
19,195.56693852422617,346.9764046248544,3.75659429647831,-0.9179959123283977,3.8671329435881847,-45.13218069441987,15,-45.0,15,-45.0,0.13218069441987268,446.47510329841555,False,False,15.7023639703609,-0.0020966083172783718,14.295539421321822,0.0,0.42809455881443603
20,199.30798730464025,345.68647417014023,3.741048780414089,-1.2899304547142063,3.957191751158508,-44.909035194032015,15,-45.0,15,-45.0,0.09096480596798528,442.9170338570973,False,False,15.779914625702402,-0.000992951510975185,14.219092422786623,0.0,0.4311965850280961
21,203.04252604794453,344.50781259562945,3.7345387433042703,-1.1786615745107902,3.9161234317203144,-44.67268130402746,15,-45.0,15,-45.0,0.3273186959725365,439.44948929784874,False,False,15.843146286413152,-0.01285650344797941,14.143997210138869,0.0,0.4337258514565261
22,206.56162127519883,342.65729058968185,3.51909522725431,-1.8505220059475924,3.9759857787698847,-44.51466227337437,15,-45.0,15,-45.0,0.48533772662563024,435.6610556321934,False,False,15.910461406747228,-0.028266325066336195,14.061272268186435,0.0,0.4364184562698892
23,209.97488267892905,340.3745054758,3.413261403730207,-2.282785113881841,4.106270970887678,-44.404029737282485,16,-44.0,16,-44.0,0.40402973728248526,431.64106282911837,False,False,16.0077106255052,-0.019588803433026488,13.972700571061772,0.0,0.4203084250202078
24,213.1874460563088,337.93277943936187,3.212563377379753,-2.4417260364381064,4.035169078328856,-44.32543502530032,16,-44.0,16,-44.0,0.3254350253003224,427.64916453776056,False,False,16.10336323104762,-0.01270895468306658,13.883927814269313,0.0,0.444134529241905
25,216.41426449923475,335.5927641057667,3.2268184429259525,-2.340015333595121,3.9859790547702776,-44.23438234198122,16,-44.0,16,-44.0,0.23438234198121677,423.721008977497,False,False,16.19764783925085,-0.006592209867912006,13.79575995088124,0.0,0.44790591357003384
26,219.86202781647168,333.44444007973493,3.4477633172369457,-2.148324026031775,4.062310674051171,-44.10176306296566,16,-44.0,16,-44.0,0.1017630629656594,419.7777331475418,False,False,16.292330558079115,-0.001242686518098331,13.70642675540279,0.0,0.45169322232316467
27,223.44989118452906,331.7757377983713,3.5878633680573793,-1.6687022813636194,3.9569345270899023,-43.90689295835932,16,-44.0,16,-44.0,0.09310704164067829,416.0849171382904,False,False,16.37695632061056,-0.00104027054436948,13.622003408845071,0.0,0.4550782528244224
28,226.37238246390538,329.05579672362916,2.922491279376306,-2.719941074742161,3.99237206784389,-43.87640101068848,16,-44.0,16,-44.0,0.12359898931151747,412.09863172116405,False,False,16.468140998638596,-0.001833205219059433,13.530025796142343,0.0,0.45872563994554394
29,229.27777731654396,326.29388530190903,2.9053948526385778,-2.7619114217201446,4.008674837295604,-43.851126406240695,16,-44.0,16,-44.0,0.14887359375930487,408.0940407861488,False,False,16.560614832095688,-0.0026596016302572645,13.436725566274058,0.0,0.46242459328382757
30,232.7155559942325,324.1305208021129,3.4377786776885153,-2.1633644997960837,4.061830645872345,-43.71214079073275,16,-44.0,16,-44.0,0.2878592092672534,404.15348798163853,False,False,16.64603716137045,-0.009943550923196204,13.344019287706352,0.0,0.46584148645481793
31,236.41860296959587,322.3339232706671,3.703046975363366,-1.7965975314458207,4.115861950034888,-43.50672694342296,16,-44.0,16,-44.0,0.49327305657703846,400.29850535689843,False,False,16.7183544953358,-0.0291981970013825,13.25244730766282,0.0,0.46873417981343213
32,240.02018615319625,320.50187164367844,3.6015831836003844,-1.8320516269887115,4.040769059516402,-43.31150571766079,17,-43.0,17,-43.0,0.3115057176607934,396.49255867172025,False,False,16.827184801874008,-0.01164429745624391,13.161170900669749,0.0,0.4530873920749605
33,243.39408251771619,318.43354298053276,3.3738963645199296,-2.0683286631456688,3.9574183677380823,-43.160317012796355,17,-43.0,17,-43.0,0.16031701279635513,392.6745643034193,False,False,16.928194862914594,-0.003084185351033603,13.068720951734372,0.0,0.4771277945165837
34,246.95994185260886,316.48609996041296,3.5658593348926906,-1.9474430201197965,4.062989922809883,-42.97332413234824,17,-43.0,17,-43.0,0.02667586765176111,388.8168894138455,False,False,17.025521934070117,-8.539222979691297e-05,12.974392673700088,0.0,0.48102087736280463
35,250.9098251379054,315.2465847294488,3.9498832852965178,-1.2395152309641628,4.139803857099627,-42.669148052721766,17,-43.0,17,-43.0,0.33085194727823364,385.2229317816061,False,False,17.101197531063704,-0.013135561322135888,12.885666907614159,0.0,0.48404790124254826
36,254.92448207190054,314.1929510355447,4.014656933995146,-1.0536336939040774,4.150616129998684,-42.33326967027162,18,-42.0,18,-42.0,0.33326967027161913,381.73378620728596,False,False,17.187938562303064,-0.013328240774754446,12.798733196922182,0.0,0.4675175424921223
37,258.9337202208337,313.32977467582845,4.00923814893316,-0.8631763597162209,4.101105212358485,-41.97252333260411,18,-42.0,18,-42.0,0.027476667395887944,378.40320305253715,False,False,17.28490371816858,-9.059607014211019e-05,12.71500568576128,0.0,0.4913961487267431
38,262.88348930342346,312.00206591582673,3.9497690825897593,-1.3277087600017292,4.166951686445054,-41.659338192907626,18,-42.0,18,-42.0,0.34066180709237415,374.7801926713424,False,False,17.362988081070586,-0.01392605601737303,12.623085862912042,0.0,0.4945195232428232
39,266.59113831390476,310.2433810946663,3.7076490104812847,-1.758684821160468,4.103612248385936,-41.412085126299985,19,-41.0,19,-41.0,0.41208512629998495,371.0052405520126,False,False,17.45326132969515,-0.020377698158120943,12.52636097214673,0.0,0.4781304531878061
40,270.34770045620724,308.6510308756699,3.75656214230248,-1.5923502189963785,4.080114992119464,-41.136933798105304,19,-41.0,19,-41.0,0.1369337981053036,367.3304054381747,False,False,17.566498576639425,-0.002250103807625286,12.43125131955295,0.0,0.5026599430655769
41,274.1761081905829,307.3427413611506,3.8284077343756873,-1.3082895145193045,4.045778940380794,-40.81840765135257,19,-41.0,19,-41.0,0.18159234864742757,363.8321436262206,False,False,17.656219471572395,-0.003957093730474667,12.33982343469713,0.0,0.506248778862896
42,278.1997404546703,307.0377216244907,4.023632264087394,-0.30501973665993587,4.035177026644202,-40.36673715134768,20,-40.0,20,-40.0,0.36673715134767804,360.98242295138743,False,False,17.71916723928762,-0.016139536581433165,12.264693224130944,0.0,0.4887666895715048
43,282.2497259461225,307.6678471384281,4.049985491452224,0.6301255139374107,4.098712071405894,-39.80889115329265,20,-40.0,20,-40.0,0.19110884670735118,358.85644814294136,False,False,17.787360694529198,-0.004382710954777663,12.208256594516023,0.0,0.5114944277811679
44,286.19865453882386,308.8133845304472,3.9489285927013666,1.1455373920190868,4.111726273327091,-39.20470548942109,21,-39.0,21,-39.0,0.20470548942108735,357.2280748587359,False,False,17.83016865062759,-0.005028520487895229,12.164802828884515,0.0,0.4932067460251037
45,290.35856932049126,309.13242919555483,4.159914781667385,0.31904466510765184,4.172131408413265,-38.65167459782356,21,-39.0,21,-39.0,0.34832540217644237,354.86237769801505,False,False,17.88412125060383,-0.01455967029616564,12.101319079100005,0.0,0.515364850024153
46,294.42198321779466,309.3275758548674,4.0634138973034,0.1951466593125738,4.068097186577438,-38.11604283797081,22,-38.0,22,-38.0,0.11604283797080939,352.49223781016065,False,False,17.96109381369315,-0.0016159128293183427,12.037290273477533,0.0,0.4984437525477261
47,298.5185072480684,309.2742774809342,4.096524030273732,-0.05329837393319969,4.096870738414145,-37.59371535403929,22,-38.0,22,-38.0,0.4062846459607101,349.9362409070646,False,False,18.012435645477634,-0.019808065625210352,11.967756288897158,0.0,0.5204974258191055
48,302.5626412719308,309.420182264094,4.044134023862404,0.14590478315984975,4.0467651536394404,-37.050847231463734,23,-37.0,23,-37.0,0.05084723146373449,347.6002945315684,False,False,18.095926760216873,-0.0003102529137031909,11.903762986869424,0.0,0.5038370704086748
49,306.5276239906494,310.1737374476236,3.9649827187186144,0.7535551835295442,4.035955075860174,-36.45134137710093,24,-36.0,24,-36.0,0.45134137710093114,345.8316433013431,False,False,18.120530892057126,-0.024445084642003793,11.85502402330087,0.0,0.504821235682285
50,310.5141098650848,310.20850475735165,3.986485874435395,0.034767309728053496,3.9866374794930453,-35.913040912023945,24,-36.0,24,-36.0,0.08695908797605512,343.5062387246853,False,False,18.208530734314323,-0.0009074259577952753,11.790561839727882,0.0,0.5283412293725729
51,314.4428684371836,309.8780037479229,3.9287585720988383,-0.33050100942873906,3.942635518923036,-35.41089181614075,25,-35.0,25,-35.0,0.4108918161407473,340.9472176133112,False,False,18.26062283611733,-0.020259850148573004,11.719117313734094,0.0,0.5104249134446934
52,318.35677548899827,309.99009881076677,3.913907051814648,0.11209506284390296,3.915511935029494,-34.860419996728666,25,-35.0,25,-35.0,0.1395800032713339,338.78635367416746,False,False,18.33929210120351,-0.0023379092775870705,11.658369989518903,0.0,0.5335716840481404
53,322.3855110019829,309.83997842702945,4.02873551298459,-0.15012038373729522,4.031531466229259,-34.31194724827054,26,-34.0,26,-34.0,0.3119472482705419,336.3758434405053,False,False,18.398177075473285,-0.011677330284427573,11.590145594242289,0.0,0.5159270830189313
54,326.4118411521423,309.24315728334676,4.026330150159429,-0.596821143682668,4.070323077549193,-33.79857885861864,26,-34.0,26,-34.0,0.2014211413813598,333.626637073505,False,False,18.483395750340588,-0.004868457143444368,11.511735792515967,0.0,0.5393358300136237
55,330.38550672891245,308.65005299594577,3.9736655767701734,-0.5931042874009876,4.017684757636127,-33.28399197729536,27,-33.0,27,-33.0,0.28399197729535786,330.93666461843344,False,False,18.555934345779395,-0.009678173180175248,11.434387481040428,0.0,0.5222373738311756
56,334.2005737105504,308.0384329563569,3.8150669816379374,-0.6116200395888212,3.8637824922232142,-32.78603559315246,27,-33.0,27,-33.0,0.2139644068475377,328.34410678106985,False,False,18.635263339313756,-0.005493692087714237,11.359242968598531,0.0,0.5454105335725501
57,338.0829570194756,307.1343988792107,3.882383308925213,-0.9040340771462029,3.9862485835761263,-32.297663437213174,28,-32.0,28,-32.0,0.2976634372131741,325.4935871652684,False,False,18.713433972796135,-0.01063242262242735,11.275933604581436,0.0,0.5285373589118456
58,341.82720410454704,305.997824631726,3.7442470850714327,-1.1365742474846765,3.9129512205126296,-31.843321314289824,28,-32.0,28,-32.0,0.15667868571017607,322.5423822783505,False,False,18.808144850184508,-0.0029457852667041755,11.188909364548788,0.0,0.5523257940073802
59,345.84016730574564,305.4872678640196,4.01296320119859,-0.5105567677064093,4.04531109647019,-31.281177618810034,29,-31.0,29,-31.0,0.2811776188100339,320.00683693432023,False,False,18.877009041298567,-0.009487302398361687,11.11350365630307,0.0,0.5350803616519426
60,349.53297722730116,304.04016782365983,3.69280992155551,-1.447100040359747,3.9662253646947487,-30.846368395603747,29,-31.0,29,-31.0,0.1536316043962529,316.8617780644261,False,False,18.978030871485604,-0.0028323203843240103,11.01913680813007,0.0,0.5591212348594241
61,353.40554833343714,303.2857761144134,3.872571106135953,-0.7543917092464348,3.9453661202807018,-30.31068014711329,30,-30.0,30,-30.0,0.3106801471132883,314.2422193490515,False,False,19.048597608041785,-0.011582658457240132,10.939819733500974,0.0,0.5419439043216716
62,357.3683852789996,303.49775686801576,3.9628369455624837,0.21198075360236993,3.968502550964636,-29.66368672240438,30,-30.0,30,-30.0,0.3363132775956217,312.445144394321,False,False,19.101404049250583,-0.01357279448245316,10.885023156266964,0.0,0.5640561619700233
63,361.2498922120812,303.5293391359979,3.88150693308157,0.031582267982135655,3.881635417090481,-29.03855372838146,31,-29.0,31,-29.0,0.03855372838145854,310.5700838936373,False,False,19.172310007024258,-0.0001783667966533538,10.827511626179088,0.0,0.5468924002809703
64,365.03303650156863,304.1283123136604,3.783144289487444,0.5989731776625132,3.830267560189573,-28.3719274361045,32,-28.0,32,-28.0,0.3719274361044995,309.27836445931734,False,False,19.195710517132678,-0.016599602127271993,10.78768988074005,0.0,0.5478284206853072
65,368.89313854492343,304.3749086572017,3.8601020433547926,0.2465963435413062,3.867970726590338,-27.717614960673927,32,-28.0,32,-28.0,0.28238503932607273,307.681108717356,False,False,19.25221274180291,-0.009568957252222518,10.738218300944865,0.0,0.5700885096721162
66,372.74463719139743,304.24190305951896,3.8514986464739795,-0.13300559768271195,3.8537945343266333,-27.09034945999315,33,-27.0,33,-27.0,0.09034945999314914,305.790303725321,False,False,19.31969881055035,-0.0009795629905264389,10.679321626459124,0.0,0.5527879524220141
67,376.67549077325714,304.1029280612171,3.9308535818597328,-0.13897499830186683,3.9333095393284894,-26.442462457794875,34,-26.0,34,-26.0,0.4424624577948748,303.89591352459263,False,False,19.356560312857365,-0.023492763186945757,10.61994692395569,0.0,0.5542624125142948
68,380.4517626307681,303.2063043575264,3.7762718575109724,-0.8966237036907206,3.8812579414217545,-25.875639340182573,34,-26.0,34,-26.0,0.12436065981742672,301.42627337081785,False,False,19.45615983747431,-0.001855868845227088,10.541984293680462,0.0,0.5782463934989723
69,384.030235670452,301.9314937422838,3.578473039683896,-1.2748106152425835,3.798764457093869,-25.364805645592412,35,-25.0,35,-25.0,0.364805645592412,298.7294292440915,False,False,19.527913820534902,-0.015969979086731582,10.456116200378366,0.0,0.5611165528213962
70,387.590651880363,300.682537518304,3.5604162099110033,-1.248956223979804,3.7731227434599743,-24.845775520941118,35,-25.0,35,-25.0,0.15422447905888248,296.0878110743971,False,False,19.625894131852654,-0.002854222792918042,10.371251645354429,0.0,0.5850357652741061
71,391.2284226027194,300.341147850496,3.6377707223563953,1.023685368799961,3.779061730473383,-24.23095216222913,36,-24.0,36,-24.0,0.23095216222912995,294.2664532982805,False,False,19.681302724725324,-0.006400668148597244,10.312296607126077,0.0,0.567252108989013
72,395.0142056520784,300.17552281552105,3.785783049359022,0.5166706660170111,3.820877107934323,-23.568199530073855,36,-24.0,36,-24.0,0.43180046992614507,292.58124874398953,False,False,19.720203041028288,-0.022374197499412763,10.257422761472299,0.0,0.5888081216411314
73,398.912702149649,300.3559221122851,3.8984964975706604,0.1803992967640637,3.902668170347522,-22.850940677728488,37,-23.0,37,-23.0,0.14905932227151197,291.2106417489389,False,False,19.784774447158284,-0.002666241786725096,10.212559311054992,0.0,0.5713909778863313
74,402.85007949613043,300.8930520635446,3.9373773464813966,0.5371299512594652,3.97384561264336,-22.093373325549294,38,-22.0,38,-22.0,0.0933733255492939,290.20196173363325,False,False,19.819546204958986,-0.0010462293508961304,10.179407565690118,0.0,0.5727818481983593
75,406.8324595373258,301.27196473570103,3.9823800411953414,0.37891267215646957,4.000365683988373,-21.333753929291277,39,-21.0,39,-21.0,0.33375392929127656,289.08061602188553,False,False,19.844215624429417,-0.013367002238083972,10.142417373332501,0.0,0.5737686249771767
76,410.7414932721245,302.32386712097855,3.9090337347986908,1.0519023852774976,4.048091324062081,-20.535055046707328,39,-21.0,39,-21.0,0.4649449532926724,288.6663789221039,False,False,19.84534264626282,-0.025940857151079032,10.128716496586103,0.0,0.5938137058505129
77,414.60095118276973,303.5146051485036,3.859457910645222,1.190738027525073,4.038969226700828,-19.734174088952983,40,-20.0,40,-20.0,0.2658259110470169,288.45581207430894,False,False,19.869775923325232,-0.008479609798077185,10.121744466876693,0.0,0.5747910369330094
78,418.4749806215333,304.7427164106684,3.874029438763585,1.2281112621647547,4.064032648080328,-18.92713146804323,41,-19.0,41,-19.0,0.07286853195677168,288.3323058639334,False,False,19.881710108084693,-0.0006371787539442065,10.11765271316136,0.0,0.5752684043233875
79,422.00009260612853,306.5720873549735,3.5251119845952386,1.8293709443051172,3.9715252178230944,-18.14823501741685,42,-18.0,42,-18.0,0.14823501741685163,288.9460407850792,False,False,19.859394708991395,-0.0026368344466289172,10.137968456561975,0.0,0.5743757883596559
80,425.6916924954358,307.9886268730086,3.6915998893072843,1.4165395180351237,3.954047792944432,-17.36572390100784,43,-17.0,43,-17.0,0.3657239010078399,289.16923437245396,False,False,19.838603650755932,-0.01605047661220707,10.14534587263186,0.0,0.5735441460302371
81,429.2782469956188,309.5686920075255,3.586554500182993,1.580065134516851,3.9191809108662783,-16.595247690419853,43,-17.0,43,-17.0,0.40475230958014663,289.63298707655247,False,False,19.819684555466047,-0.01965893185325554,10.1606565126807,0.0,0.5927873822186418
82,432.62527476854746,311.61454111116007,3.347027772928634,2.045849103634586,3.9227660480326954,-15.847757101742928,44,-16.0,44,-16.0,0.1522428982570716,290.6624134737294,False,False,19.802663394664002,-0.002781348008365567,10.194555257327632,0.0,0.57210653578656
83,435.9441481903765,313.6864421653261,3.3188734218290175,2.0719010541660707,3.9125049224732646,-15.10967226892609,45,-15.0,45,-15.0,0.10967226892609006,291.773446862882,False,False,19.76754978835652,-0.0014433607885675943,10.231006850854914,0.0,0.5707019915342608
84,439.060212082197,316.04559736411375,3.116063891820487,2.3591551987876067,3.9083842479820263,-14.40175500991026,46,-14.0,46,-14.0,0.4017550099102607,293.2611703642852,False,False,19.701030753585083,-0.01936885055855924,10.279600395856354,0.0,0.5680412301434035
85,442.0163425120695,318.4991319398708,2.956130429872503,2.4535345757570197,3.841684400475053,-13.726933654100748,46,-14.0,46,-14.0,0.2730663458992524,294.9228117960485,False,False,19.65746812450837,-0.008947827511532417,10.333584047980095,0.0,0.5862987249803349
86,445.3315427396829,320.5210036124542,3.3152002276133876,2.021871672583434,3.8831066956192677,-13.010960035557702,47,-13.0,47,-13.0,0.01096003555770153,296.12337415173516,False,False,19.62758642140474,-1.441468553112983e-05,10.37239916390973,0.0,0.5651034568561897
87,448.6368843604757,322.38307868958054,3.3053416207927473,1.8620750771263421,3.7937589305331327,-12.309297982490648,48,-12.0,48,-12.0,0.3092979824906479,297.2157748383939,True,True,-2.419060661967208,-0.011479829036734215,10.407580832930474,22.0,-1.3167624264786884
88,451.4719238395915,325.01935194582643,2.8350394791158573,2.6362732562458633,3.8713544825735964,-11.671251343321842,48,-12.0,48,-12.0,0.3287486566781581,299.2055959009328,True,True,-2.4843027383167815,-0.012969081512123216,10.471333656804658,22.0,-1.2993721095326713
89,454.4121078114651,327.4654888631163,2.9401839718736005,2.446136917289905,3.824691831584733,-11.029000900478906,49,-11.0,49,-11.0,0.029000900478905578,301.0252820542465,True,True,-2.5293663100704222,-0.0001009262674304863,10.529265383802993,22.0,-1.321174652402817
90,457.50803987186816,329.7832386942066,3.0959320604030696,2.3177498310902624,3.8673970060171654,-10.369937475401883,50,-10.0,50,-10.0,0.3699374754018834,302.7279818018426,True,True,-2.5995788912607836,-0.01642244828480629,10.583156442975977,22.0,-1.3239831556504313
91,461.14221520357563,331.54151627623173,3.63417533170746,1.7582775820251375,4.03717356538497,-9.636096188341241,50,-10.0,50,-10.0,0.3639038116587585,303.82829731192487,True,True,-2.633711953776828,-0.015891118096772783,10.617820835680055,22.0,-1.3053484781510731
92,464.87935133344496,332.84799006780844,3.7371361298693215,1.3064737915767335,3.958921598270359,-8.901693566137112,51,-9.0,51,-9.0,0.09830643386288784,304.5157937752935,True,True,-2.640575789789299,-0.001159698592660601,10.639416091196635,22.0,-1.325623031591572
93,468.7997063078652,333.76390961549254,3.9203549744202424,0.9159195476840857,4.025927438900428,-8.147064672017507,52,-8.0,52,-8.0,0.14706467201750684,304.8404870116728,True,True,-2.652193591332864,-0.0025953621306740227,10.649598229202192,22.0,-1.3260877436533147
94,472.69901642132993,335.10839371582256,3.899310113464719,1.3444841003300019,4.124591720038289,-7.387745047024993,53,-7.0,53,-7.0,0.3877450470249926,305.64565374177494,True,True,-2.692842486345004,-0.018041546579089643,10.674800939765916,22.0,-1.3277136994538001
95,476.41967103439964,336.9687326200476,3.7206546130697076,1.8603389042250194,4.159823504468674,-6.654544318377646,53,-7.0,53,-7.0,0.3454556816223544,307.03727409742686,True,True,-2.7325249928837536,-0.014320755355819859,10.718204237527933,22.0,-1.3093009997153502
96,480.25063076467956,338.2031091486836,3.8309597302798917,1.2343765286360282,4.02491464126554,-5.919690034380835,54,-6.0,54,-6.0,0.08030996561916481,307.8447116634641,True,True,-2.744071306261631,-0.0007739628693301719,10.743297343392301,22.0,-1.3297628522504654
97,484.15540152635015,338.9968912444053,3.9047707616705982,0.793782095721673,3.984636083343857,-5.182543233045578,55,-5.0,55,-5.0,0.1825432330455783,308.257056525699,True,True,-2.760085240410671,-0.003998643831687877,10.756086596578982,22.0,-1.330403409616427
98,488.16261607630844,339.2386492003045,4.00721454995828,0.24175795589924917,4.014500636273199,-4.436456415793231,56,-4.0,56,-4.0,0.4364564157932307,308.16198408426897,True,True,-2.7759986603159383,-0.022859304346448815,10.753139355969491,22.0,-1.3310399464126377
99,492.12941804110187,339.3629216294535,3.9668019647934605,0.12427242914904123,3.968748097893826,-3.698944373765471,56,-4.0,56,-4.0,0.301055626234529,308.0045545442127,True,True,-2.7591331874484375,-0.010876138810495728,10.748257048637942,22.0,-1.3103653274979377
100,495.89593585879743,340.340351112243,3.766517817695563,0.9774294827894917,3.891275480461937,-2.9897394359187786,57,-3.0,57,-3.0,0.010260564081221446,308.7606079244651,True,True,-2.771694155184356,-1.2633501031782204e-05,10.771681521683323,22.0,-1.3308677662073742
101,499.76568822944677,341.13921106994474,3.8697523706493184,0.7988599577017411,3.951349217946352,-2.266321416517343,58,-2.0,58,-2.0,0.26632141651734287,309.3812053203086,True,True,-2.799377647733305,-0.008511251627496483,10.790866396105809,22.0,-1.3319751059093323
102,503.7927926061479,341.204425531088,4.027104376701107,0.06521446114326544,4.027632379796773,-1.5204438254276909,58,-2.0,58,-2.0,0.47955617457230915,309.31332823080203,True,True,-2.81636684388468,-0.027596894948451238,10.788769948936228,22.0,-1.3126546737553872
103,507.825319948889,341.053005122423,4.032527342741077,-0.15142040866506476,4.035369240864423,-0.7739028494021909,59,-1.0,59,-1.0,0.2260971505978091,309.0811995717785,True,True,-2.7877313510447443,-0.006134390581013806,10.78159696046373,22.0,-1.3315092540417899
104,511.6199172779486,340.73951139303915,3.7945973290596307,-0.3134937293837995,3.807525076485964,-0.07053559403411214,60,0.0,60,0.0,0.07053559403411214,308.739745348875,True,True,-2.7716329478739645,-0.000597032403089409,10.771035915470874,22.0,-1.3308653179149585
105,515.4737848497023,340.1809636174452,3.8538675717536073,-0.5585477755939989,3.8941328788621288,0.6458049183017351,61,1.0,61,1.0,0.35419508169826486,308.20054107246324,True,True,-2.769389228841465,-0.015054498707908865,10.754334730133557,22.0,-1.3307755691536585
106,519.2416087512221,338.79738245641425,3.767823901519791,-1.3835811610309083,4.013825330283252,1.3521516556847644,61,1.0,61,1.0,0.35215165568476436,306.88283558943647,True,True,-2.7282784589669014,-0.014881294632182502,10.713397164334719,22.0,-1.309131138358676
107,523.2205961442955,338.5681357274494,3.9789873930734583,-0.22924672896485668,3.9855858712338144,2.096127690617948,62,2.0,62,2.0,0.09612769061794779,306.77340761747456,True,True,-2.711098494377275,-0.0011088639484247865,10.709989630428849,22.0,-1.3284439397750911
108,527.1211270040831,338.9317112936576,3.900530859787532,0.3635755662082304,3.9174389823580533,2.8204216862251315,63,3.0,63,3.0,0.17957831377486855,307.3039600778467,True,True,-2.730369254882344,-0.003869804493387017,10.726499450388959,22.0,-1.3292147701952937
109,530.9906298801909,339.82225660990144,3.869502876107823,0.8905453162438242,3.9706578130695833,3.5303023641645837,64,4.0,64,4.0,0.46969763583541635,308.4074994024277,True,True,-2.7872223652883683,-0.026473904293125527,10.760748460995242,22.0,-1.3314888946115349
110,535.0669319779993,339.8907218231747,4.076302097808409,0.06846521327327794,4.076877025129135,4.284550698801013,64,4.0,64,4.0,0.2845506988010129,308.75359096806176,True,True,-2.78118067421363,-0.009716292022577372,10.771464382191052,22.0,-1.3112472269685451
111,539.1812647619507,340.39266498575097,4.114332783951489,0.5019431625762367,4.144837897379708,5.036947577260037,65,5.0,65,5.0,0.036947577260036724,309.58820547797507,True,True,-2.7974207646913136,-0.00016381481584636594,10.79725694987547,22.0,-1.3318968305876524
112,543.2451803937291,341.5274411320785,4.063915631778359,1.1347761463275174,4.219375210204282,5.764184229039785,66,6.0,66,6.0,0.23581577096021533,311.1004630527074,True,True,-2.850487554959056,-0.006673089340027289,10.84381446561903,22.0,-1.3340195021983623
113,547.1752864666147,342.9660684357579,3.930106072885568,1.438627303679424,4.185138260920892,6.4536462858190475,66,6.0,66,6.0,0.45364628581904753,312.94919155735306,True,True,-2.9251197417981842,-0.02469539431649003,10.900424347481696,22.0,-1.3170047896719272
114,550.8773545929021,344.8409259099948,3.7020681262874002,1.8748574742368707,4.149746854975007,7.083940725014969,67,7.0,67,7.0,0.08394072501496908,315.2473530806644,True,True,-2.9711773986566428,-0.0008455254379246386,10.970331873218718,22.0,-1.3388470959462657
115,554.8452285315059,346.2636152060036,3.9678739386037964,1.4226892960087794,4.21521866877973,7.763572862136243,68,8.0,68,8.0,0.2364271378637568,317.1708269218089,True,True,-3.0351588935271607,-0.0067077349822137426,11.028451158544948,22.0,-1.3414063557410865
116,558.8292000643299,346.9193351603603,3.983971532824033,0.65571995435672,4.037573260374832,8.458029962626483,68,8.0,68,8.0,0.4580299626264832,318.3821000566903,True,True,-3.0900451203020864,-0.02517497359963411,11.064870146702452,22.0,-1.3236018048120834
117,562.68985993956,348.16563266401766,3.8606598752300822,1.2462975036573856,4.056840166907514,9.108539196356645,69,9.0,69,9.0,0.1085391963566451,320.20332474621614,True,True,-3.120782104596792,-0.0014136908574895635,11.119368413739302,22.0,-1.3448312841838717
118,566.5658373733492,349.2411937570651,3.8759774337890613,1.075561093047439,4.022441140914238,9.759443022652619,70,10.0,70,10.0,0.24055697734738146,321.8996825482475,True,True,-3.1767961837530194,-0.006944119122061032,11.16985206463096,22.0,-1.3470718473501209
119,570.5760890459544,350.24018107833945,4.0102516726051975,0.9989873212743552,4.132807054013011,10.429273201338049,70,10.0,70,10.0,0.4292732013380487,323.58611073513936,True,True,-3.2418902450106195,-0.022113057766442026,11.219777187244178,22.0,-1.3296756098004248
120,574.5969922199298,351.01000972589674,4.020903173975374,0.7698286475572628,4.093934352317472,11.101680458388131,71,11.0,71,11.0,0.101680458388131,325.0934784647313,True,True,-3.265422333165585,-0.0012406698741624527,11.264181663291424,22.0,-1.3506168933266234
121,578.6614690791523,352.1154663705621,4.064476859222535,1.1054566446653853,4.212126129686804,11.763270783292825,72,12.0,72,12.0,0.23672921670717528,326.9826650901134,True,True,-3.326268930138365,-0.006724886645135131,11.31954404349323,22.0,-1.3530507572055346
122,582.6965959908483,352.79585922498063,4.03512691169598,0.6803928544185551,4.092087930364762,12.428116770833043,72,12.0,72,12.0,0.4281167708330429,328.49351893239356,True,True,-3.38558379722609,-0.021994076336221458,11.36358972088987,22.0,-1.3354233518890437
123,586.5188839468262,354.218459871355,3.822287955977968,1.4226006463743468,4.078440611003051,13.021757273585848,73,13.0,73,13.0,0.021757273585848225,330.72314697726944,False,False,18.571722174765313,-5.680547446673387e-05,11.428221019760219,0.0,0.5228688869906124
124,590.2383281021938,355.73293889922616,3.719444155367611,1.514479027871152,4.015957115154472,13.586470768034758,74,14.0,74,14.0,0.41352923196524216,333.0529262933395,False,False,18.4841876444648,-0.020520771082771564,11.495291584452428,0.0,0.5193675057785918
125,594.0457633663625,357.1524493111783,3.807435264168691,1.4195104119521706,4.063443502803494,14.161828287665855,74,14.0,74,14.0,0.16182828766585544,335.34403614710004,False,False,18.43606447578131,-0.0031426073626635437,11.560792916856027,0.0,0.5374425790312523
126,597.557519347655,359.2450372105163,3.51175598129243,2.092587899337936,4.087952322202243,14.651893037208907,75,15.0,75,15.0,0.34810696279109266,338.2445912292413,False,False,18.342379650825674,-0.0145414149052367,11.643078934269093,0.0,0.513695186033027
127,600.6661059769008,361.9139698137038,3.108586629245839,2.6689326031874767,4.097134617251804,15.043080401887124,75,15.0,75,15.0,0.04308040188712425,341.6209973455151,False,False,18.26179705191002,-0.0002227105232107366,11.73798023756677,0.0,0.530471882076401
128,603.4440276676098,364.83278009068147,2.777921690709043,2.9188102769777045,4.029429531919184,15.362648841778224,75,15.0,75,15.0,0.3626488417782241,345.16614796205977,False,False,18.147597989043977,-0.015781701893170488,11.836620309062853,0.0,0.525903919561759
129,606.4247062959018,367.52272990134105,2.980678628291982,2.689949810659603,4.015006235241012,15.71796430633529,76,16.0,76,16.0,0.28203569366471015,348.5563475817297,False,False,18.06044878970479,-0.009545295900112105,11.9300059143951,0.0,0.5024179515881917
130,608.6578139176875,371.0250869575898,2.233107621785625,3.502357056248726,4.153706128258509,15.9131262822292,76,16.0,76,16.0,0.08687371777079989,352.5347395334928,False,False,17.960652120337244,-0.000905645140718471,12.038442234522035,0.0,0.5184260848134898
131,610.6810521019563,374.56070585723955,2.023238184268905,3.5356188996497626,4.073584877456751,16.070040598111063,76,16.0,76,16.0,0.07004059811106345,356.4909357071498,False,False,17.85434449884095,-0.0005886822460506605,12.145066818913001,0.0,0.5141737799536379
132,612.3092820081768,378.2407914181822,1.6282299062204442,3.6800855609426484,4.024197107917206,16.156810016199444,76,16.0,76,16.0,0.15681001619944368,360.47834567264243,False,False,17.745707285749948,-0.0029507257416563743,12.251341988508397,0.0,0.5098282914299979
133,614.0339320656287,381.99264256042835,1.7246500574519381,3.751851142246176,4.129262018114485,16.25307498120003,76,16.0,76,16.0,0.25307498120002947,364.5624406589427,False,False,17.633332058651437,-0.007685633533127432,12.358982307815435,0.0,0.5053332823460572
134,615.9837192399423,385.764403491037,1.9497871743134993,3.7717609306086324,4.2459216364392685,16.379905059408202,76,16.0,76,16.0,0.37990505940820185,368.73007342002956,False,False,17.515092340417013,-0.01731934249967393,12.46758831708331,0.0,0.5006036936166804
135,618.7046067380887,389.0123229065903,2.720887498146465,3.2479194155532998,4.237004756605522,16.640465881914196,77,17.0,77,17.0,0.35953411808580427,372.61732622932294,False,False,17.41670123245688,-0.015511773848128449,12.567786993694991,0.0,0.4766680492982751
136,621.5402919887769,392.14105093358165,2.8356852506881096,3.1287280269913333,4.22256437580899,16.917632636425395,77,17.0,77,17.0,0.08236736357460472,376.43147070420554,False,False,17.33409553544642,-0.0008141259098677346,12.665090338643711,0.0,0.49336382141785684
137,623.9334670829618,395.4667202541907,2.39317509418489,3.3256693206090757,4.097238516545905,17.11677590237619,77,17.0,77,17.0,0.11677590237619029,380.3119216979013,False,False,17.235284937135262,-0.0016363933650928228,12.763078669499645,0.0,0.4894113974854104
138,625.9070640249445,399.05058961307157,1.973596941982681,3.5838693588808717,4.091357289571345,17.240720717615858,77,17.0,77,17.0,0.2407207176158579,384.31881891222326,False,False,17.129830101189594,-0.006953575666739231,12.86321632314367,0.0,0.4851932040475839
139,627.7067759654874,402.7442350976618,1.7997119405429602,3.6936454845902116,4.108768676229725,17.33279090611137,77,17.0,77,17.0,0.3327909061113701,388.3804138502324,False,False,17.023048981639946,-0.013289974462851205,12.963661043897204,0.0,0.4809219592655978
140,629.5938283881686,406.21392425234785,1.887052422681173,3.469689154686057,3.9496467786490643,17.444922341878737,77,17.0,77,17.0,0.4449223418787369,392.2554901837933,False,False,16.91772661376202,-0.023754706836343162,13.058518679401637,0.0,0.4767090645504808
141,631.8675007023498,409.41808987279575,2.2736723141812347,3.2041656204479025,3.9289010060746685,17.61978121014519,78,18.0,78,18.0,0.3802187898548084,395.9957478153744,False,False,16.83346054527268,-0.017347959379038592,13.149191495348282,0.0,0.4533384218109071
142,634.2423316915367,412.6056868189954,2.374830989186924,3.187596946199656,3.9749964174353565,17.805897279664492,78,18.0,78,18.0,0.19410272033550768,399.7547704485125,False,False,16.75601848442079,-0.004521103924997317,13.239460411654212,0.0,0.47024073937683175
143,636.1018676464118,416.08267456160206,1.8595359548751473,3.4769877426066556,3.943008715398731,17.906287086572917,78,18.0,78,18.0,0.09371291342708332,403.63445647233965,False,False,16.667205022338997,-0.0010538532171590416,13.331741124443846,0.0,0.46668820089356
144,637.3985502487565,419.73565167698086,1.2966826023446278,3.652977115378819,3.876290440189511,17.92185488435524,78,18.0,78,18.0,0.07814511564475879,407.5091802473448,False,False,16.576244470318837,-0.000732799091895927,13.423022730589267,0.0,0.46304977881275367
145,638.7917341884495,423.3439588932701,1.3931839396930086,3.6083072162892202,3.867924825658249,17.951832938022676,78,18.0,78,18.0,0.04816706197732401,411.3711681933627,False,False,16.486576892307653,-0.0002784079031432847,13.513144699789205,0.0,0.45946307569230616
146,639.4802973679199,427.07500269169043,0.6885631794703526,3.731043798420355,3.7940489029338185,17.88352356271554,78,18.0,78,18.0,0.11647643728446155,415.1330918739826,False,False,16.39825019939723,-0.0016280112530977326,13.600121789349675,0.0,0.455930007975889
147,640.2174643035461,430.7668962537938,0.7371669356262374,3.6918935621033397,3.7647700015911547,17.824409163378903,78,18.0,78,18.0,0.17559083662109742,418.8731976389932,False,False,16.310483556102355,-0.003699857028635631,13.68581658686901,0.0,0.4524193422440943
148,641.504387245068,434.39387245277163,1.2869229415218897,3.626976198977853,3.84852270428111,17.839986691000206,78,18.0,78,18.0,0.16001330899979394,422.7200195203179,False,False,16.223765537149966,-0.0030725110868476246,13.773161951763187,0.0,0.4489506214859986
149,642.7494425501925,437.9601143327295,1.2450553051245075,3.5662418799579028,3.777332902880597,17.852431332978455,78,18.0,78,18.0,0.14756866702154525,426.49622642671636,False,False,16.139252573732893,-0.002613181378381884,13.858134244888722,0.0,0.44557010294931554
150,644.4583784149572,441.2382219175037,1.7089358647647181,3.2781075847742227,3.6968163502172273,17.935242136890906,78,18.0,78,18.0,0.0647578631090937,430.1408423883043,False,False,16.06006178184706,-0.0005032297001347343,13.9394349884528,0.0,0.44240247127388255
151,646.6381947948411,444.15326494777423,2.1798163798838366,2.915043030270537,3.639927927629709,18.090672959667586,78,18.0,78,18.0,0.09067295966758593,433.58708157038507,False,False,15.983334056952959,-0.0009865902737855596,14.015679352773255,0.0,0.43933336227811814
152,648.7665495339771,447.24216278147424,2.1283547391360313,3.0888978336999937,3.751157650997798,18.230113074426924,78,18.0,78,18.0,0.2301130744269244,437.1854787419936,False,False,15.898999734495606,-0.00635424324266535,14.09464602226173,0.0,0.43595998937982405
153,651.4370443741603,449.8836515162526,2.670494840183236,2.641488734778344,3.7561956055836845,18.452530548632467,78,18.0,78,18.0,0.4525305486324669,440.5331265051,False,False,15.807897362442112,-0.024574067693472177,14.167528569864416,0.0,0.4323158944976846
154,654.1676283111481,452.4434668467818,2.730583936987698,2.559815330529212,3.7428255587654116,18.68231427585252,79,19.0,79,19.0,0.31768572414748064,443.82918262971134,False,False,15.749140293812406,-0.0121109063192531,14.238748799868342,0.0,0.40996561175249613
155,657.5460988512355,453.931897028728,3.3784705400873905,1.4884301819461672,3.691813591822681,19.03195809146581,79,19.0,79,19.0,0.03195809146581041,446.32969049915863,False,False,15.707450332223095,-0.00012255835321645252,14.292427109423688,0.0,0.4282980132889238
156,660.4859208562235,456.2523933532475,2.9398220049880672,2.320496324519549,3.745297933825932,19.289755444503356,79,19.0,79,19.0,0.28975544450335633,449.486553701531,False,False,15.630157516363544,-0.010074986114320512,14.359767497522135,0.0,0.4252063006545419
157,663.5609923654632,458.2301255781049,3.0750715092397605,1.9777322248573852,3.656157756467497,19.57461793015625,80,20.0,80,20.0,0.4253820698437494,452.3746835943973,False,False,15.557323579512534,-0.021713988641346296,14.42096243184612,0.0,0.40229294318050135
158,666.8053185728344,459.88256676447037,3.244326207371157,-1.8873076574247147,3.753342874506575,19.889816708916555,80,20.0,80,20.0,0.1101832910834446,455.02546917660356,False,False,15.521757622072807,-0.00145684291607749,14.476785535011116,0.0,0.4208703048829121
159,670.3864175769226,458.5601857016825,3.5810990040881503,-1.3223810627879073,3.8174548788821614,20.37050686882182,80,20.0,80,20.0,0.3705068688218205,455.01631761806647,False,False,15.50693358762577,-0.016473040781297965,14.476593371592932,0.0,0.42027734350503065
160,674.2185502474134,458.1300850557068,3.832132670490867,-0.4301006459756776,3.8561933781790767,20.840751954500945,81,21.0,81,21.0,0.15924804549905502,455.96239695171846,False,False,15.500518190369194,-0.0030431927994322926,14.496438616831375,0.0,0.4000207276147676
161,678.0511641142126,457.4008353002772,3.832613866799236,-0.7292497554295976,3.9013759441735325,21.32271403319507,81,21.0,81,21.0,0.3227140331950693,456.6605520272785,False,False,15.476445737387126,-0.012497321666523396,14.511056940946352,0.0,0.419057829495485
162,681.6566397940169,456.3917879754373,3.6054756798042606,-1.009047324839886,3.7440127378825148,21.789761246655672,82,22.0,82,22.0,0.21023875334432773,457.0467865844648,False,False,15.475561443488967,-0.005304040008933249,14.519134516502099,0.0,0.3990224577395589
163,685.3876897164554,455.28707949018394,3.7310499224385065,-1.104708485253365,3.8911584857365,22.27508444583441,82,22.0,82,22.0,0.27508444583440905,457.4223897105815,False,False,15.463936219887568,-0.009080574280802873,14.526983205831629,0.0,0.41855744879550283
164,689.3174240437859,454.90301453055287,3.9297343273305168,-0.3840649596310863,3.9484576452858473,22.74763472751019,83,23.0,83,23.0,0.25236527248981133,458.5721628801216,False,False,15.441388280177225,-0.007642587691062807,14.550969132131712,0.0,0.39765553120708885
165,693.2220539530995,454.930458533669,3.9046299093136123,0.0274440031161368,3.9047263543062103,23.19471543202644,83,23.0,83,23.0,0.1947154320264417,460.1212944371078,False,False,15.412258984245984,-0.004549691936309261,14.583191323817706,0.0,0.41649035936983925
166,697.1869688951231,454.62646892914665,3.964914942023642,-0.3039896045223531,3.9765512919035757,23.66212854273499,84,24.0,84,24.0,0.33787145726500967,461.41883976283657,False,False,15.376204043352072,-0.013698854596125753,14.610097102051803,0.0,0.3950481617340831
167,701.1842570324683,453.8926908759695,3.997288137345158,-0.7337780531771647,4.06407956175624,24.152320592432687,84,24.0,84,24.0,0.15232059243268736,462.3679549054988,False,False,15.367485817695405,-0.0027841875454853826,14.62972999475911,0.0,0.4146994327078162
168,705.0531678814604,452.5994902789103,3.8689108489920536,-1.2932005970591924,4.079318440828402,24.654898095050385,85,25.0,85,25.0,0.34510190494961535,462.78878211549863,False,False,15.347286450238629,-0.0142914389759824,14.638422110785388,0.0,0.39389145800954517
169,708.8782361266749,451.5146887595625,3.825068245214508,-1.0848015193478329,3.975920197504945,25.140664461775714,85,25.0,85,25.0,0.1406644617757138,463.4151636981502,False,False,15.346280329915675,-0.0023743788967981495,14.651345291187527,0.0,0.41385121319662677
170,712.7557672983788,450.5846494046079,3.8775311717039576,-0.9300393549546045,3.9875081428506505,25.62266213605372,86,26.0,86,26.0,0.37733786394628055,464.2369942397302,False,False,15.314639531591537,-0.01708606362810501,14.668274404780359,0.0,0.3925855812636616
171,716.3660699241485,449.0718136925717,3.6103026257697426,-1.512835712036201,3.9144548715308978,26.104951628581233,86,26.0,86,26.0,0.10495162858123308,464.4506306520137,False,False,15.326007966444557,-0.001321781321022372,14.67267025223442,0.0,0.41304031865778223
172,720.0988058676835,448.00619944581985,3.732735943535033,-1.0656142467518361,3.8818618402821676,26.575595353666017,87,27.0,87,27.0,0.4244046463339828,465.15187947691993,False,False,15.29130052151382,-0.021614316459584757,14.687085162026595,0.0,0.39165202086055273
173,723.9522388431258,447.1812967290506,3.8534329754422463,-0.8249027167692863,3.9407372645685266,27.04455100661599,87,27.0,87,27.0,0.04455100661598976,466.1536878586604,False,False,15.292121088512236,-0.00023817506285975562,14.707640736424905,0.0,0.4116848435404892
174,727.7617568819808,445.7432176908006,3.809518038854953,-1.4380790382500193,4.071915889187225,27.541460540159648,88,28.0,88,28.0,0.4585394598403525,466.62253044397266,False,False,15.257523489145468,-0.025231012347681867,14.71724549850685,0.0,0.3903009395658188
175,731.5689309531198,444.1197328162463,3.8071740711389768,-1.6234848745542656,4.13887394660183,28.047774625442713,88,28.0,88,28.0,0.04777462544271316,466.96165754420366,False,False,15.275539228585977,-0.0002738897803429843,14.72418688163368,0.0,0.4110215691434391
176,735.6167819186486,443.18741495341453,4.047850965528872,-0.9323178628317724,4.1538312479551,28.538752680783006,89,29.0,89,29.0,0.46124731921699436,468.0593502663139,False,False,15.227849749972693,-0.025529890738183666,14.746620359289123,0.0,0.38911398999890756
177,739.6952623662464,442.33381272305047,4.07848044759784,-0.8536022303640758,4.166850072791244,29.026004097642243,89,29.0,89,29.0,0.026004097642243096,469.2749411249968,False,False,15.228516849005937,-8.114557130247754e-05,14.771402005422761,0.0,0.40914067396023746
178,743.7565683251845,441.4150480707588,4.0613059589381235,-0.9187646522916589,4.163932585718328,29.512791743560854,90,30.0,90,30.0,0.4872082564391462,470.4591252687609,False,False,15.176033645264846,-0.028484626217096746,14.795481728518057,0.0,0.3870413458105937
179,747.8202966746998,441.22124352467887,4.06372834951531,-0.1938045460799416,4.068347121465385,29.95338588210484,90,30.0,90,30.0,0.046614117895160234,472.30629730676674,False,False,15.166817060532825,-0.0002607451184572677,14.832922194348718,0.0,0.40667268242131294
180,751.9389105342115,441.3360938505123,4.11861385951167,0.11485032583347717,4.120214887734093,30.37738307431968,90,30.0,90,30.0,0.3773830743196811,474.4752032689799,False,False,15.106212390265433,-0.017090158173956874,14.87669745156061,0.0,0.4042484956106174
181,756.0502924219843,441.7046864653275,4.111381887772802,0.36859261481515826,4.127871308895485,30.781143379988293,91,31.0,91,31.0,0.21885662001170658,476.8841319890067,False,False,15.069169033845652,-0.005747786414753823,14.925083179739595,0.0,0.38276676135382615
182,760.0004792082798,442.73581213123884,3.9501867862955264,1.0311256659113341,4.082547707685101,31.123394894589325,91,31.0,91,31.0,0.12339489458932462,479.80010947752476,False,False,15.014845304022682,-0.001827156001285264,14.983327539976033,0.0,0.4005938121609074
183,763.4825193527324,444.70066163693053,3.482040144452684,1.964849505691711,3.9981542175855385,31.356381986879427,91,31.0,91,31.0,0.3563819868794269,483.2859336413151,False,False,14.932267617886472,-0.015240974468655362,15.052491407644872,0.0,0.397290704715459
184,767.0673509610383,446.47945065407185,3.5848316083059295,1.778789017141311,4.001888057831182,31.607810424035847,92,32.0,92,32.0,0.39218957596415294,486.6750132694123,False,False,14.862283393763477,-0.01845751961939305,15.11925908661713,0.0,0.37449133575053906
185,770.8974034270177,447.4815895270951,3.8300524659793913,1.0021388730232241,3.958987776310894,31.928108866099905,92,32.0,92,32.0,0.07189113390009538,489.543477882418,False,False,14.823971884007914,-0.0006202002160129732,15.175407915776074,0.0,0.3929588753603168
186,774.9534902504425,447.54555731090454,4.0560868234248275,0.06396778380944906,4.056591204019207,32.325260517242526,92,32.0,92,32.0,0.32526051724252625,491.75466264766607,False,False,14.76883796980882,-0.012695328489225083,15.218466701701955,0.0,0.39075351879235276
187,778.9421887139345,447.27565668336564,3.988698463491954,-0.26990062753891253,3.997819628423595,32.73320211750149,93,33.0,93,33.0,0.26679788249850844,493.671959046882,False,False,14.735812154397447,-0.00854173321268255,15.25564611238987,0.0,0.36943248617589797
188,782.9078154885116,447.4255047860387,3.9656267745771245,0.14984810267304163,3.968456900246956,33.1092264988624,93,33.0,93,33.0,0.1092264988623981,495.9530164435866,False,False,14.698876555863121,-0.0014316513664484943,15.29969179277043,0.0,0.3879550622345249
189,786.6440043454561,448.29958808054215,3.73618885694455,0.874083294503483,3.8370729443791767,33.41390710185769,93,33.0,93,33.0,0.41390710185768853,498.73307104997156,False,False,14.626342028887102,-0.020558290676187717,15.35309968043671,0.0,0.3850536811554841
190,790.4919066481513,449.53146543686546,3.8479023026952133,1.231877356323309,4.040281419914859,33.70313746186085,94,34.0,94,34.0,0.29686253813915187,501.88670703494324,False,False,14.576099467458453,-0.01057528398605033,15.413325248555497,0.0,0.36304397869833815
191,794.5235113054467,450.376999763969,4.031604657295438,0.845534327103575,4.119316012524017,34.030547669623104,94,34.0,94,34.0,0.030547669623103957,504.83546663428774,False,False,14.530591141122045,-0.000111979214328277,15.469296879663627,0.0,0.38122364564488187
